name,points,mean_delivered_damage,mean_delivered_damage_per_points,mean_received_damage,mean_received_damage_per_points,total_health,mean_received_damage_per_total_health,total_health_per_points,total_control,total_control_per_points
1000 2x grey seer,990,27.303240740740744,0.027579031051253276,58.33333333333334,0.05892255892255893,78.0,0.747863247863248,0.07878787878787878,60.0,0.06060606060606061
1000 2x stormfiends,990,29.691358024691358,0.029991270732011473,48.33333333333334,0.04882154882154883,81.0,0.5967078189300413,0.08181818181818182,54.0,0.05454545454545454
